entity_id,identification_type,identification_type
1470157558564695309,Citizen ID,Citizen ID
1470157558564695295,Citizen ID,Citizen ID
1470157558564694946,Citizen ID,Citizen ID
1470157558564695057,Citizen ID,Citizen ID
1470157558564694699,Citizen ID,Citizen ID
1470157558564694968,Citizen ID,Citizen ID
1470157558564694704,National/Identification ID,National/Identification ID
1470157558564695065,Citizen ID,Citizen ID
1470157558564694989,Citizen ID,Citizen ID
1470157558564695215,Citizen ID,Citizen ID
1470157558564694714,Citizen ID,Citizen ID
1470157558564694722,Citizen ID,Citizen ID
1470157558564694903,Citizen ID,Citizen ID
1470157558564694972,Citizen ID,Citizen ID
1470157558564694797,Citizen ID,Citizen ID
1470157558564695074,Citizen ID,Citizen ID
1470157558564694799,Citizen ID,Citizen ID
1470157558564695163,Citizen ID,Citizen ID
1470157558564695952,National/Identification ID,National/Identification ID
1470157558564695873,Citizen ID,Citizen ID
1470157558564695063,Citizen ID,Citizen ID
1470157558564695879,Citizen ID,Citizen ID
1470157558564696002,Citizen ID,Citizen ID
1470157558564695991,Citizen ID,Citizen ID
1470157558564695965,Citizen ID,Citizen ID
1470157558564695118,Citizen ID,Citizen ID
1470157558564694820,Citizen ID,Citizen ID
1470157558564695191,Citizen ID,Citizen ID
1470157558564695739,Citizen ID,Citizen ID
1470157558564695307,Citizen ID,Citizen ID
1470157558564695573,Citizen ID,Citizen ID
1470157558564695554,National/Identification ID,National/Identification ID
1470157558564695390,Citizen ID,Citizen ID
1470157558564695569,Citizen ID,Citizen ID
1470157558564695558,Citizen ID,Citizen ID
1470157558564695628,Citizen ID,Citizen ID
1470157558564695562,Citizen ID,Citizen ID
1470157558564695658,Citizen ID,Citizen ID
1470157558564695386,Citizen ID,Citizen ID
1470157558564695504,Citizen ID,Citizen ID
1470157558564695096,Citizen ID,Citizen ID
1470157558564695757,National/Identification ID,National/Identification ID
1469278379854639222,National/Identification ID,National/Identification ID
1469278379854639342,Citizen ID,Citizen ID
1469278379854638502,Citizen ID,Citizen ID
1469278379854638316,Citizen ID,Citizen ID
1469883818362504539,Citizen ID,Citizen ID
1469278379855013128,Citizen ID,Citizen ID
1469278379855013186,Citizen ID,Citizen ID
1469883818362504743,Citizen ID,Citizen ID
1469278379854782274,National/Identification ID,National/Identification ID
1469278379855014872,Citizen ID,Citizen ID
1469278379855004447,Citizen ID,Citizen ID
1469278379854781944,National/Identification ID,National/Identification ID
1469278379854781789,Citizen ID,Citizen ID
1469278379854781780,National/Identification ID,National/Identification ID
1469278379855014611,Citizen ID,Citizen ID
1469278379855014782,Citizen ID,Citizen ID
1469278379855013420,Citizen ID,Citizen ID
1469278379855013426,Citizen ID,Citizen ID
1469278379855008977,Citizen ID,Citizen ID
1469278379854782189,National/Identification ID,National/Identification ID
1469883818362504707,National/Identification ID,National/Identification ID
1469278379855004763,Citizen ID,Citizen ID
1469278379854782176,Citizen ID,Citizen ID
1469278379855013194,Citizen ID,Citizen ID
1469278379854783010,Citizen ID,Citizen ID
1469278379855012739,National/Identification ID,National/Identification ID
1469278379854783130,Citizen ID,Citizen ID
1469278379855009281,Citizen ID,Citizen ID
1469883818362505057,Citizen ID,Citizen ID
1469278379854782955,Citizen ID,Citizen ID
1469278379854782066,Citizen ID,Citizen ID
1469278379854782983,Citizen ID,Citizen ID
1469278379855009775,Citizen ID,Citizen ID
1469278379854781982,National/Identification ID,National/Identification ID
1469883818362504785,National/Identification ID,National/Identification ID
1469278379854782311,Citizen ID,Citizen ID
1469883818362504788,National/Identification ID,National/Identification ID
1469278379854782873,Citizen ID,Citizen ID
1469278379855013487,Citizen ID,Citizen ID
1469278379854782303,Citizen ID,Citizen ID
1469278379854782330,Citizen ID,Citizen ID
1469278379855013538,Citizen ID,Citizen ID
1469278379854677182,Citizen ID,Citizen ID
1469278379854782765,Citizen ID,Citizen ID
1469278379854677051,Citizen ID,Citizen ID
1469278379855012279,National/Identification ID,National/Identification ID
1469278379854782856,Citizen ID,Citizen ID
1469278379855009590,Citizen ID,Citizen ID
1469278379854677054,Citizen ID,Citizen ID
1469278379855012573,National/Identification ID,National/Identification ID
1469278379854783229,National/Identification ID,National/Identification ID
1469278379854781962,National/Identification ID,National/Identification ID
1469278379854677037,Citizen ID,Citizen ID
1469278379855012570,Citizen ID,Citizen ID
1469883818362504744,National/Identification ID,National/Identification ID
1469278379855012184,Citizen ID,Citizen ID
1469883818362504715,Citizen ID,Citizen ID
1469278379854783135,Citizen ID,Citizen ID
1469278379855012158,Citizen ID,Citizen ID
1469278379854783115,Citizen ID,Citizen ID
1469278379854782426,Citizen ID,Citizen ID
1469278379855013057,Citizen ID,Citizen ID
1469278379854783104,Citizen ID,Citizen ID
1469278379854782419,Citizen ID,Citizen ID
1469278379855009927,National/Identification ID,National/Identification ID
1469278379854677226,Citizen ID,Citizen ID
1469278379855012818,Citizen ID,Citizen ID
1469278379854677162,Citizen ID,Citizen ID
1469278379854782733,National/Identification ID,National/Identification ID
1469278379854677174,Citizen ID,Citizen ID
1469278379854783053,Citizen ID,Citizen ID
1469278379854782727,National/Identification ID,National/Identification ID
1469278379855013676,Citizen ID,Citizen ID
1469278379855013697,Citizen ID,Citizen ID
1469278379854782243,Citizen ID,Citizen ID
1469278379855012382,Citizen ID,Citizen ID
1469278379854783211,Citizen ID,Citizen ID
1469278379855012339,Citizen ID,Citizen ID
1469278379854783216,Citizen ID,Citizen ID
1469278379855012856,Citizen ID,Citizen ID
1469278379855013932,National/Identification ID,National/Identification ID
1469278379855013152,Citizen ID,Citizen ID
1469278379855014007,Citizen ID,Citizen ID
1469278379855013593,Citizen ID,Citizen ID
1469278379855013826,Citizen ID,Citizen ID
1469278379855013861,Citizen ID,Citizen ID
1469278379855013563,Citizen ID,Citizen ID
1469278379855012835,Citizen ID,Citizen ID
1469278379855009880,Citizen ID,Citizen ID
1469278379855009844,Citizen ID,Citizen ID
1469278379855009842,Citizen ID,Citizen ID
1469278379854641911,National/Identification ID,National/Identification ID
1469278379855005159,Citizen ID,Citizen ID
1469278379855008338,Citizen ID,Citizen ID
1469278379854638788,Citizen ID,Citizen ID
1469278379855008185,Citizen ID,Citizen ID
1469278379855009021,Citizen ID,Citizen ID
1469278379855004887,Citizen ID,Citizen ID
1469278379854638847,National/Identification ID,National/Identification ID
1469278379855004785,Citizen ID,Citizen ID
1469278379855004825,Citizen ID,Citizen ID
1469278379855014199,Citizen ID,Citizen ID
1469278379855014401,Citizen ID,Citizen ID
1469278379854640837,Citizen ID,Citizen ID
1469278379855014074,Citizen ID,Citizen ID
1469278379854639556,Citizen ID,Citizen ID
1469278379854640166,Citizen ID,Citizen ID
1469883818362504681,Citizen ID,Citizen ID
1469278379855014088,Citizen ID,Citizen ID
1469278379855014073,Citizen ID,Citizen ID
1469278379855014104,Citizen ID,Citizen ID
1469278379855014345,Citizen ID,Citizen ID
1469883818362504890,Citizen ID,Citizen ID
1469278379855014289,Citizen ID,Citizen ID
1469278379854641656,Citizen ID,Citizen ID
1469278379854642031,National/Identification ID,National/Identification ID
1469278379855008648,Citizen ID,Citizen ID
1469278379855008633,Citizen ID,Citizen ID
1469278379854639991,Citizen ID,Citizen ID
1469883818362504409,National/Identification ID,National/Identification ID
1469278379855014643,Citizen ID,Citizen ID
1469278379855009318,Citizen ID,Citizen ID
1469278379854638141,Citizen ID,Citizen ID
1469278379855009319,Citizen ID,Citizen ID
1469278379854640735,Citizen ID,Citizen ID
1469278379855008002,Citizen ID,Citizen ID
1469278379855009390,Citizen ID,Citizen ID
1469278379854638365,National/Identification ID,National/Identification ID
1469278379854641789,Citizen ID,Citizen ID
1469278379854642507,National/Identification ID,National/Identification ID
1469278379854641951,Citizen ID,Citizen ID
1469278379855008000,Citizen ID,Citizen ID
1469278379854642852,Citizen ID,Citizen ID
1469278379854638345,National/Identification ID,National/Identification ID
1469278379854638306,National/Identification ID,National/Identification ID
1469278379855004840,Citizen ID,Citizen ID
1469278379854642720,Citizen ID,Citizen ID
1469278379855005225,Citizen ID,Citizen ID
1469278379855005212,Citizen ID,Citizen ID
1469278379854638332,National/Identification ID,National/Identification ID
1469278379854642963,Citizen ID,Citizen ID
1469278379854638287,Citizen ID,Citizen ID
1469278379855005276,Citizen ID,Citizen ID
1469278379855005249,Citizen ID,Citizen ID
1469278379855008686,Citizen ID,Citizen ID
1469278379855008072,Citizen ID,Citizen ID
1469278379855005043,Citizen ID,Citizen ID
1469278379854641146,Citizen ID,Citizen ID
1469278379855005002,Citizen ID,Citizen ID
1469278379855005032,Citizen ID,Citizen ID
1469278379855005028,Citizen ID,Citizen ID
1469278379854640452,Citizen ID,Citizen ID
1469278379854638593,Citizen ID,Citizen ID
1469278379855008702,Citizen ID,Citizen ID
1469278379854639859,National/Identification ID,National/Identification ID
1469278379854638512,Citizen ID,Citizen ID
1469278379854641222,Citizen ID,Citizen ID
1469278379854639942,National/Identification ID,National/Identification ID
1469278379854638490,Citizen ID,Citizen ID
1469278379854638519,Citizen ID,Citizen ID
1469278379854638792,Citizen ID,Citizen ID
1469278379854642831,Citizen ID,Citizen ID
1469278379854639534,Citizen ID,Citizen ID
1469278379854638214,Citizen ID,Citizen ID
1469278379854639354,Citizen ID,Citizen ID
1469278379854638432,Citizen ID,Citizen ID
1469278379854639362,Citizen ID,Citizen ID
1469278379854638434,Citizen ID,Citizen ID
1469278379854639340,Citizen ID,Citizen ID
1469278379854638373,Citizen ID,Citizen ID
1469278379854639445,National/Identification ID,National/Identification ID
1469278379854639420,Citizen ID,Citizen ID
1469278379854642243,Citizen ID,Citizen ID
1469278379854642131,National/Identification ID,National/Identification ID
1469278379854639686,Citizen ID,Citizen ID
1469278379854642125,Citizen ID,Citizen ID
1469278379854640951,National/Identification ID,National/Identification ID
1469278379854642215,Citizen ID,Citizen ID
1469278379854640079,Citizen ID,Citizen ID
1469278379854642194,National/Identification ID,National/Identification ID
1469278379854640971,National/Identification ID,National/Identification ID
1469278379854640065,Citizen ID,Citizen ID
1469278379854642173,Citizen ID,Citizen ID
1469278379854641215,Citizen ID,Citizen ID
1469278379854640961,National/Identification ID,National/Identification ID
1469278379854640900,National/Identification ID,National/Identification ID
1469278379854642890,Citizen ID,Citizen ID
1469278379854640339,National/Identification ID,National/Identification ID
1469278379854643031,Citizen ID,Citizen ID
1469278379854641605,Citizen ID,Citizen ID
1469278379854640257,National/Identification ID,National/Identification ID
1469278379854643043,Citizen ID,Citizen ID
1469278379854641569,Citizen ID,Citizen ID
1469278379854642073,Citizen ID,Citizen ID
1469278379854642301,Citizen ID,Citizen ID
1469278379854640613,National/Identification ID,National/Identification ID
1469278379854642479,Citizen ID,Citizen ID
1469278379854640625,National/Identification ID,National/Identification ID
1469883818362505174,National/Identification ID,National/Identification ID
1469278379855039037,Citizen ID,Citizen ID
1469278379855040664,Citizen ID,Citizen ID
1469278379855036915,Citizen ID,Citizen ID
1469278379855037067,National/Identification ID,National/Identification ID
1469278379855038019,Citizen ID,Citizen ID
1469278379855037842,Citizen ID,Citizen ID
1469278379855040862,Citizen ID,Citizen ID
1469278379855038442,Citizen ID,Citizen ID
1469278379855040212,Citizen ID,Citizen ID
1469278379855039053,National/Identification ID,National/Identification ID
1469278379855038729,National/Identification ID,National/Identification ID
1469278379855038358,Citizen ID,Citizen ID
1469278379855037425,Citizen ID,Citizen ID
1469278379855038409,Citizen ID,Citizen ID
1469278379855039084,Citizen ID,Citizen ID
1469278379855040001,Citizen ID,Citizen ID
1469278379855038668,Citizen ID,Citizen ID
1469278379855040455,National/Identification ID,National/Identification ID
1469278379855040422,Citizen ID,Citizen ID
1469278379855039608,Citizen ID,Citizen ID
1469278379855038830,Citizen ID,Citizen ID
1469278379855039042,Citizen ID,Citizen ID
1469883818362505115,National/Identification ID,National/Identification ID
1469883818362505118,National/Identification ID,National/Identification ID
1469278379855038999,Citizen ID,Citizen ID
1469278379855039728,National/Identification ID,National/Identification ID
1469278379855039878,Citizen ID,Citizen ID
1469278379855038499,Citizen ID,Citizen ID
1469278379855039832,National/Identification ID,National/Identification ID
1469278379855037698,National/Identification ID,National/Identification ID
1469278379855037177,Citizen ID,Citizen ID
1469278379855037185,National/Identification ID,National/Identification ID
1469278379855040741,National/Identification ID,National/Identification ID
1469278379855039787,Citizen ID,Citizen ID
1469278379855040252,Citizen ID,Citizen ID
1469278379855040132,Citizen ID,Citizen ID
1469278379855039488,Citizen ID,Citizen ID
1469278379855040307,Citizen ID,Citizen ID
1469278379855039486,National/Identification ID,National/Identification ID
1469278379855040352,National/Identification ID,National/Identification ID
1469278379855039407,National/Identification ID,National/Identification ID
1469278379855040432,Citizen ID,Citizen ID
1469278379855038122,National/Identification ID,National/Identification ID
1469278379855040242,National/Identification ID,National/Identification ID
1469278379855039629,Citizen ID,Citizen ID
1469883818362505224,Citizen ID,Citizen ID
1469278379855040198,National/Identification ID,National/Identification ID
1469278379855040099,National/Identification ID,National/Identification ID
1469278379855038070,Citizen ID,Citizen ID
1469278379855038552,Citizen ID,Citizen ID
1469278379855038690,Citizen ID,Citizen ID
1469278379855037403,Citizen ID,Citizen ID
1469278379855038672,Citizen ID,Citizen ID
1469278379855037409,Citizen ID,Citizen ID
1469278379855037416,National/Identification ID,National/Identification ID
1469278379855037520,Citizen ID,Citizen ID
1469278379855040589,National/Identification ID,National/Identification ID
1469278379855036998,Citizen ID,Citizen ID
1469278379854782610,Citizen ID,Citizen ID
1469278379855039342,National/Identification ID,National/Identification ID
1469278379855037024,Citizen ID,Citizen ID
1469278379855036851,Citizen ID,Citizen ID
1469278379855036956,National/Identification ID,National/Identification ID
1469278379855037391,Citizen ID,Citizen ID
1469278379854640502,National/Identification ID,National/Identification ID
1469278379854640527,Citizen ID,Citizen ID
1469278379854641314,Citizen ID,Citizen ID
1469278379855036603,National/Identification ID,National/Identification ID
1469278379855037183,Citizen ID,Citizen ID
1469278379855037071,Citizen ID,Citizen ID
1469278379855036719,Citizen ID,Citizen ID
1469278379855009751,Citizen ID,Citizen ID
1469278379855040784,Citizen ID,Citizen ID
