result_id,status,approval_status,remarks,incomplete_flag,last_sent_date,api_version,last_updated,last_modified_by
1469689325844480347,COMPLETED,Rejected,Requested by Aditya Mario through data team [DA-190],,2024-02-15 15:01:44,2.10.1,2024-02-15 10:09:16,PROD NESCAFE
1469918505927959840,INCOMPLETE,Rejected,Requested by Aditya Mario through data team [DA-190],,2024-05-15 10:02:12,2.11.0,2024-05-15 09:58:31,HIEU TRAN
1469689325843980528,COMPLETED,Rejected,Requested by Aditya Mario through data team [DA-190],,2024-02-12 06:01:24,2.10.1,2024-02-12 05:01:55,PROD NESCAFE
1469918505932965248,INCOMPLETE,Rejected,Requested by Aditya Mario through data team [DA-190],,2024-05-21 15:06:55,2.11.0,2024-05-21 15:01:20,THO NONG
1469997855005221620,COMPLETED,Rejected,Requested by Aditya Mario through data team [DA-190],,2024-07-05 15:10:10,2.11.0,2024-09-11 09:58:16,LINH NGO
1469689325843982000,COMPLETED,Rejected,Requested by Aditya Mario through data team [DA-190],,2024-02-12 06:01:24,2.10.1,2024-02-12 05:10:59,PROD NESCAFE
1470002575937835500,COMPLETED,Validated,"Validated, 29/11/2024, Rosy Phan",,2024-11-28 11:09:02,2.30.0,2024-11-29 06:19:07,TUYEN HUYNH
1470002575940951298,COMPLETED,Validated,"Validated, 29/11/2024, Rosy Phan",,2024-11-28 11:09:02,2.30.0,2024-11-29 06:16:09,TOAN LE
1470002575940985937,COMPLETED,Validated,"Validated, 29/11/2024, Rosy Phan",,2024-11-28 15:05:31,2.30.0,2024-11-29 06:26:17,TUYEN HUYNH
1470002575926505138,COMPLETED,Validated,"Validated, 29/11/2024, Rosy Phan",,2024-11-28 11:09:02,2.30.0,2024-11-29 06:19:11,HAI LE
1470002575931192211,COMPLETED,Validated,"Validated, 29/11/2024, Rosy Phan",,2024-11-28 11:09:02,2.30.0,2024-11-29 06:34:59,YEN NGUYEN
1470157558588618027,INCOMPLETE,,,SOIL ORGANIC MATTER,,,2024-11-17 07:24:18,HUY NGUYEN
1470157558590388463,COMPLETED,Validated,"Validated, 09/01/2025, Rosy Phan",,2024-12-05 19:11:47,2.30.0,2025-01-09 08:39:53,YEN NGUYEN
1470157558590499343,COMPLETED,Validated,"Validated, 09/01/2025, Rosy Phan",,2024-12-05 19:11:47,2.30.0,2025-01-09 08:39:32,YEN NGUYEN
1470157558588337953,INCOMPLETE,,,"CROP AREA UNIT,FARM-GATE UNIT,TEMPERATURE UNIT",,,2024-12-05 17:51:10,MINH ANH LE
1470002575927845064,COMPLETED,Validated,"Validated, 29/11/2024, Rosy Phan",,2024-11-28 11:09:02,2.30.0,2024-11-29 06:21:57,HUY NGUYEN
1469986569867537206,INCOMPLETE,Rejected,Requested by Aditya Mario through data team [DA-190],"ENSURE FARMGATE AMOUNT >= 0.001,FARM-GATE UNIT,HARVEST YEAR,RESIDUE MANAGEMENT,RESIDUE UNIT,TEMPERATURE UNIT",,,2024-06-25 10:02:17,HUY NGUYEN
1470002575930742502,COMPLETED,Validated,"Validated, 29/11/2024, Rosy Phan",,2024-11-28 11:09:02,2.30.0,2024-11-29 06:14:06,HAI LE
1469986569867544480,INCOMPLETE,Rejected,Requested by Aditya Mario through data team [DA-190],"CROP AREA UNIT,RESIDUE UNIT",,,2024-06-25 10:26:34,THO NONG
1470002575944880448,COMPLETED,Validated,"Validated, 29/11/2024, Rosy Phan",,2024-11-28 11:09:02,2.30.0,2024-11-29 06:25:53,TUYEN HUYNH
1469918505927833758,INCOMPLETE,Rejected,Requested by Aditya Mario through data team [DA-190],"CROP AREA UNIT,FARM-GATE UNIT",,,2024-05-15 04:17:25,HIEU TRAN
1470002575928156239,COMPLETED,Validated,"Validated, 29/11/2024, Rosy Phan",,2024-11-28 11:09:02,2.30.0,2024-11-29 06:14:22,HAI LE
1470002575943185994,COMPLETED,Validated,"Validated, 29/11/2024, Rosy Phan",,2024-11-28 11:09:02,2.30.0,2024-11-29 06:32:03,TOAN LE
1470002575948727808,COMPLETED,Validated,"Validated, 29/11/2024, Rosy Phan",,2024-11-28 11:09:02,2.30.0,2024-11-29 06:28:27,TUYEN HUYNH
1470002575941052015,COMPLETED,Validated,"Validated, 29/11/2024, Rosy Phan",,2024-11-28 11:09:02,2.30.0,2024-11-29 06:21:28,TOAN LE
1470002575933512583,COMPLETED,Validated,"Validated, 29/11/2024, Rosy Phan",,2024-11-28 11:09:02,2.30.0,2024-11-29 06:15:12,QUYNH TRAN
1470002575937748865,COMPLETED,Validated,"Validated, 29/11/2024, Rosy Phan",,2024-11-28 11:09:02,2.30.0,2024-11-29 06:18:15,HUY NGUYEN
1470002575946577304,COMPLETED,Validated,"Validated, 29/11/2024, Rosy Phan",,2024-11-28 11:09:02,2.30.0,2024-11-29 06:27:54,QUYNH TRAN
1470002575960585973,COMPLETED,Validated,"Validated, 29/11/2024, Rosy Phan",,2024-11-28 11:09:02,2.30.0,2024-11-29 06:27:24,YEN NGUYEN
1470002575933219342,COMPLETED,Validated,"Validated, 29/11/2024, Rosy Phan",,2024-11-28 11:09:02,2.30.0,2024-11-29 06:18:59,QUYNH TRAN
1470002575937018437,COMPLETED,Validated,"Validated, 29/11/2024, Rosy Phan",,2024-11-28 11:09:02,2.30.0,2024-11-29 06:32:24,MAI NGUYEN
1470002575931125857,COMPLETED,Validated,"Validated, 29/11/2024, Rosy Phan",,2024-11-28 11:09:02,2.30.0,2024-11-29 06:12:53,YEN NGUYEN
1469997855006401061,COMPLETED,Validated,"Validated, 29/11/2024, Rosy Phan",,2024-11-28 11:09:02,2.30.0,2024-11-29 06:33:29,HAI LE
1470002575943251986,COMPLETED,Validated,"Validated, 29/11/2024, Rosy Phan",,2024-11-28 11:09:02,2.30.0,2024-11-29 06:15:44,QUYNH TRAN
1470002575940108894,COMPLETED,Validated,"Validated, 29/11/2024, Rosy Phan",,2024-11-28 11:09:02,2.30.0,2024-11-29 06:27:16,TUYEN HUYNH
1470002575938180552,COMPLETED,Validated,"Validated, 29/11/2024, Rosy Phan",,2024-11-28 11:09:02,2.30.0,2024-11-29 06:11:22,HAI LE
1470002575937590384,COMPLETED,Validated,"Validated, 29/11/2024, Rosy Phan",,2024-11-28 11:09:02,2.30.0,2024-11-29 06:16:29,TUYEN HUYNH
1470002575933502742,COMPLETED,Validated,"Validated, 29/11/2024, Rosy Phan",,2024-11-28 11:09:02,2.30.0,2024-11-29 06:25:48,HAI LE
1470002575937712139,COMPLETED,Validated,"Validated, 29/11/2024, Rosy Phan",,2024-11-28 11:09:02,2.30.0,2024-11-29 06:32:28,QUYNH TRAN
1470002575936741048,COMPLETED,Validated,"Validated, 29/11/2024, Rosy Phan",,2024-11-28 11:09:02,2.30.0,2024-11-29 06:20:26,HAI LE
1470002575935827588,COMPLETED,Validated,"Validated, 29/11/2024, Rosy Phan",,2024-11-28 11:09:02,2.30.0,2024-11-29 06:20:47,HAI LE
1470002575935449429,COMPLETED,Validated,"Validated, 29/11/2024, Rosy Phan",,2024-11-28 11:09:02,2.30.0,2024-11-29 06:21:49,YEN NGUYEN
1470002575946474923,COMPLETED,Validated,"Validated, 29/11/2024, Rosy Phan",,2024-11-28 11:09:02,2.30.0,2024-11-29 06:15:24,YEN NGUYEN
1470002575942054478,COMPLETED,Validated,"Validated, 29/11/2024, Rosy Phan",,2024-11-28 11:09:02,2.30.0,2024-11-29 06:12:24,YEN NGUYEN
1470002575940073665,COMPLETED,Validated,"Validated, 29/11/2024, Rosy Phan",,2024-11-28 11:09:02,2.30.0,2024-11-29 06:15:40,QUYNH TRAN
1470002575941485693,COMPLETED,Validated,"Validated, 29/11/2024, Rosy Phan",,2024-11-28 11:09:02,2.30.0,2024-11-29 06:28:03,TOAN LE
1470002575946596752,COMPLETED,Validated,"Validated, 29/11/2024, Rosy Phan",,2024-11-28 11:09:02,2.30.0,2024-11-29 06:17:14,MAI NGUYEN
1469997855002953057,INCOMPLETE,,Delete,,2024-11-28 06:09:26,2.30.0,2024-11-28 03:49:32,YEN NGUYEN
1470157558592062424,COMPLETED,Validated,"Validated, 09/01/2025, Rosy Phan",,2025-01-09 06:04:09,2.31.0,2025-01-09 08:38:45,HUY NGUYEN
1469997855006588049,COMPLETED,Validated,"Validated, 29/11/2024, Rosy Phan",,2024-11-28 11:09:02,2.30.0,2024-11-29 06:14:14,YEN NGUYEN
1470002575931311208,COMPLETED,Validated,"Validated, 29/11/2024, Rosy Phan",,2024-11-28 11:09:02,2.30.0,2024-11-29 06:29:33,YEN NGUYEN
1469997855004192517,COMPLETED,Validated,"Validated, 29/11/2024, Rosy Phan",,2024-11-28 11:09:02,2.30.0,2024-11-29 06:29:25,TIEN PHAM
1469918505927911844,INCOMPLETE,Rejected,Requested by Aditya Mario through data team [DA-190],"CROP AREA,SOIL PH,TEMPERATURE VALUE",,,2024-05-15 08:04:30,TIEN PHAM
1469918505928827907,INCOMPLETE,Rejected,Requested by Aditya Mario through data team [DA-190],"CROP AREA UNIT,FARM-GATE UNIT",,,2024-05-16 09:48:03,TRINH TRIEU
1469997855006336495,COMPLETED,Validated,"Validated, 29/11/2024, Rosy Phan",,2024-11-28 11:09:02,2.30.0,2024-11-29 06:34:34,HAI LE
1470002575948054376,COMPLETED,Validated,"Validated, 29/11/2024, Rosy Phan",,2024-11-28 11:09:02,2.30.0,2024-11-29 06:17:42,TOAN LE
1470002575940273300,COMPLETED,Validated,"Validated, 29/11/2024, Rosy Phan",,2024-11-28 11:09:02,2.30.0,2024-11-29 06:32:07,MAI NGUYEN
1469918505927707820,INCOMPLETE,Rejected,Requested by Aditya Mario through data team [DA-190],TEMPERATURE UNIT,,,2024-05-16 08:09:42,TUYEN HUYNH
1470002575933472203,COMPLETED,Validated,"Validated, 29/11/2024, Rosy Phan",,2024-11-28 11:09:02,2.30.0,2024-11-29 06:20:30,QUYNH TRAN
1470002575932188929,COMPLETED,Validated,"Validated, 29/11/2024, Rosy Phan",,2024-11-28 11:09:02,2.30.0,2024-11-29 06:27:38,HUY NGUYEN
1470002575938157401,COMPLETED,Validated,"Validated, 29/11/2024, Rosy Phan",,2024-11-28 11:09:02,2.30.0,2024-11-29 06:19:28,HUY NGUYEN
1470002575946478571,COMPLETED,Validated,"Validated, 29/11/2024, Rosy Phan",,2024-11-28 11:09:02,2.30.0,2024-11-29 06:28:15,MAI NGUYEN
1470002575942342926,COMPLETED,Validated,"Validated, 29/11/2024, Rosy Phan",,2024-11-28 11:09:02,2.30.0,2024-11-29 06:17:47,HAI LE
1470002575932637455,COMPLETED,Validated,"Validated, 29/11/2024, Rosy Phan",,2024-11-28 11:09:02,2.30.0,2024-11-29 06:12:40,HUY NGUYEN
1470157558590481248,COMPLETED,Validated,"Validated, 09/01/2025, Rosy Phan",,2024-12-05 19:11:47,2.30.0,2025-01-09 08:40:02,TIEN PHAM
1470002575931918527,COMPLETED,Validated,"Validated, 29/11/2024, Rosy Phan",,2024-11-28 11:09:02,2.30.0,2024-11-29 06:20:55,QUYNH TRAN
1470002575935216785,COMPLETED,Validated,"Validated, 29/11/2024, Rosy Phan",,2024-11-28 11:09:02,2.30.0,2024-11-29 06:19:48,HUY NGUYEN
1470002575931262121,COMPLETED,Validated,"Validated, 29/11/2024, Rosy Phan",,2024-11-28 11:09:02,2.30.0,2024-11-29 06:26:55,YEN NGUYEN
1470157558590430492,COMPLETED,Validated,"Validated, 09/01/2025, Rosy Phan",,2024-12-06 06:05:09,2.30.0,2025-01-09 08:40:20,HUY NGUYEN
1470002575936665777,COMPLETED,Validated,"Validated, 29/11/2024, Rosy Phan",,2024-11-28 11:09:02,2.30.0,2024-11-29 06:19:57,HAI LE
1470002575944974234,COMPLETED,Validated,"Validated, 29/11/2024, Rosy Phan",,2024-11-28 11:09:02,2.30.0,2024-11-29 06:25:31,QUYNH TRAN
1470002575944608241,COMPLETED,Validated,"Validated, 29/11/2024, Rosy Phan",,2024-11-28 11:09:02,2.30.0,2024-11-29 06:11:51,QUYNH TRAN
1470002575937762822,COMPLETED,Validated,"Validated, 29/11/2024, Rosy Phan",,2024-11-28 11:09:02,2.30.0,2024-11-29 06:16:21,TUYEN HUYNH
1470157558591906404,COMPLETED,Validated,"Validated, 09/01/2025, Rosy Phan",,2024-12-06 06:05:09,2.30.0,2025-01-09 08:40:07,YEN NGUYEN
1470002575941471172,COMPLETED,Rejected,DELETE,,2024-11-11 10:10:11,2.29.0,2024-11-28 03:41:41,TOAN LE
1470002575936658390,COMPLETED,Validated,"Validated, 29/11/2024, Rosy Phan",,2024-11-28 11:09:02,2.30.0,2024-11-29 06:11:30,TUYEN HUYNH
1470002575937903225,COMPLETED,Validated,"Validated, 29/11/2024, Rosy Phan",,2024-11-28 11:09:02,2.30.0,2024-11-29 06:18:23,MAI NGUYEN
1470002575936992152,COMPLETED,Validated,"Validated, 29/11/2024, Rosy Phan",,2024-11-28 11:09:02,2.30.0,2024-11-29 06:20:22,YEN NGUYEN
1470002575940201645,COMPLETED,Validated,"Validated, 29/11/2024, Rosy Phan",,2024-11-28 11:09:02,2.30.0,2024-11-29 06:20:01,QUYNH TRAN
1469997855002392848,COMPLETED,Validated,"Validated, 29/11/2024, Rosy Phan",,2024-11-29 06:04:30,2.30.0,2024-11-29 09:32:17,THOA NGUYEN
1470002575946334070,COMPLETED,Validated,"Validated, 29/11/2024, Rosy Phan",,2024-11-28 11:09:02,2.30.0,2024-11-29 06:16:25,HAI LE
1470002575940970941,COMPLETED,Validated,"Validated, 29/11/2024, Rosy Phan",,2024-11-28 11:09:02,2.30.0,2024-11-29 06:28:19,TUYEN HUYNH
1470002575941500666,COMPLETED,Validated,"Validated, 29/11/2024, Rosy Phan",,2024-11-28 11:09:02,2.30.0,2024-11-29 06:11:59,YEN NGUYEN
1470002575944932708,COMPLETED,Validated,"Validated, 29/11/2024, Rosy Phan",,2024-11-28 11:09:02,2.30.0,2024-11-29 06:28:36,MAI NGUYEN
1470002575948919203,COMPLETED,Validated,"Validated, 29/11/2024, Rosy Phan",,2024-11-28 11:09:02,2.30.0,2024-11-29 06:13:25,YEN NGUYEN
1470002575949650365,COMPLETED,Validated,"Validated, 29/11/2024, Rosy Phan",,2024-11-28 11:09:02,2.30.0,2024-11-29 06:25:44,TOAN LE
1470002575931895507,COMPLETED,Validated,"Validated, 29/11/2024, Rosy Phan",,2024-11-28 11:09:02,2.30.0,2024-11-29 06:33:05,HUY NGUYEN
1470002575936457697,COMPLETED,Validated,"Validated, 29/11/2024, Rosy Phan",,2024-11-28 11:09:02,2.30.0,2024-11-29 06:15:04,QUYNH TRAN
1470002575935313130,COMPLETED,Validated,"Validated, 29/11/2024, Rosy Phan",,2024-11-28 11:09:02,2.30.0,2024-11-29 06:27:58,YEN NGUYEN
1470002575941585152,COMPLETED,Validated,"Validated, 29/11/2024, Rosy Phan",,2024-11-28 11:09:02,2.30.0,2024-11-29 06:16:58,YEN NGUYEN
1470002575936722841,COMPLETED,Validated,"Validated, 29/11/2024, Rosy Phan",,2024-11-28 11:09:02,2.30.0,2024-11-29 06:21:20,TUYEN HUYNH
1470002575939143769,COMPLETED,Validated,"Validated, 29/11/2024, Rosy Phan",,2024-11-28 11:09:02,2.30.0,2024-11-29 06:18:54,TUYEN HUYNH
1470002575940943075,COMPLETED,Validated,"Validated, 29/11/2024, Rosy Phan",,2024-11-28 11:09:02,2.30.0,2024-11-29 06:19:24,TUYEN HUYNH
1470002575941514544,COMPLETED,Validated,"Validated, 29/11/2024, Rosy Phan",,2024-11-28 11:09:02,2.30.0,2024-11-29 06:27:00,YEN NGUYEN
1470002575937539867,COMPLETED,Validated,"Validated, 29/11/2024, Rosy Phan",,2024-11-28 11:09:02,2.30.0,2024-11-29 06:17:18,TUYEN HUYNH
1470002575937354470,COMPLETED,Validated,"Validated, 29/11/2024, Rosy Phan",,2024-11-28 11:09:02,2.30.0,2024-11-29 06:20:05,HAI LE
1470002575961907647,COMPLETED,Validated,"Validated, 29/11/2024, Rosy Phan",,2024-11-28 11:09:02,2.30.0,2024-11-29 06:20:14,YEN NGUYEN
1470002575931100699,COMPLETED,Validated,"Validated, 29/11/2024, Rosy Phan",,2024-11-28 11:09:02,2.30.0,2024-11-29 06:17:02,YEN NGUYEN
1470002575948022210,COMPLETED,Validated,"Validated, 29/11/2024, Rosy Phan",,2024-11-28 11:09:02,2.30.0,2024-11-29 06:25:39,TOAN LE
1469986569865808429,INCOMPLETE,Rejected,Requested by Aditya Mario through data team [DA-190],CROP AREA UNIT,,,2024-06-25 04:33:04,PHUONG NGUYEN
1470002575946417365,COMPLETED,Validated,"Validated, 29/11/2024, Rosy Phan",,2024-11-28 11:09:02,2.30.0,2024-11-29 06:27:42,TUYEN HUYNH
1469918505927969131,INCOMPLETE,Rejected,Requested by Aditya Mario through data team [DA-190],"CLIMATE,CROP AREA,CROP AREA UNIT,CROP NAME,ENSURE FARMGATE AMOUNT >= 0.001,FARM-GATE UNIT,HARVEST YEAR,RESIDUE MANAGEMENT,RESIDUE UNIT,RESIDUE VALUE,SOIL CHARACTERISTIC,SOIL DRAINAGE,SOIL ORGANIC MATTER,SOIL PH,SOIL TEXTURE,TEMPERATURE UNIT,TEMPERATURE VALUE",,,2024-05-15 09:36:26,TIEN PHAM
1469997855002828643,INCOMPLETE,,Requested by Aditya Mario through data team [DA-190],,2024-11-28 06:09:26,2.30.0,2024-11-28 03:49:33,YEN NGUYEN
1469997855002385465,COMPLETED,Validated,"Validated, 29/11/2024, Rosy Phan",,2024-11-28 11:09:02,2.30.0,2024-11-29 06:29:17,YEN NGUYEN
1470157558592047230,COMPLETED,Validated,"Validated, 09/01/2025, Rosy Phan",,2025-01-09 06:04:09,2.31.0,2025-01-09 08:38:58,QUYNH TRAN
1470157558590499083,COMPLETED,Validated,"Validated, 09/01/2025, Rosy Phan",,2024-12-05 19:11:47,2.30.0,2025-01-09 08:37:57,QUYNH TRAN
1470002575930362830,COMPLETED,Validated,"Validated, 29/11/2024, Rosy Phan",,2024-11-28 11:09:02,2.30.0,2024-11-29 06:15:08,YEN NGUYEN
1469997855002653822,COMPLETED,Validated,"Validated, 29/11/2024, Rosy Phan",,2024-11-28 11:09:02,2.30.0,2024-11-29 06:16:17,THOA NGUYEN
1470002575931215917,COMPLETED,Validated,"Validated, 29/11/2024, Rosy Phan",,2024-11-28 11:09:02,2.30.0,2024-11-29 06:32:20,YEN NGUYEN
1469997855004914657,COMPLETED,Validated,"Validated, 29/11/2024, Rosy Phan",,2024-11-28 11:09:02,2.30.0,2024-11-29 06:19:36,HAI LE
1470002575940248390,COMPLETED,Validated,"Validated, 29/11/2024, Rosy Phan",,2024-11-28 11:09:02,2.30.0,2024-11-29 06:31:59,TUYEN HUYNH
1470002575949596141,COMPLETED,Validated,"Validated, 29/11/2024, Rosy Phan",,2024-11-28 11:09:02,2.30.0,2024-11-29 06:13:37,TOAN LE
1470002575944804288,COMPLETED,Validated,"Validated, 29/11/2024, Rosy Phan",,2024-11-28 11:09:02,2.30.0,2024-11-29 06:34:11,TOAN LE
1470002575944949508,COMPLETED,Validated,"Validated, 29/11/2024, Rosy Phan",,2024-11-28 11:09:02,2.30.0,2024-11-29 06:12:48,TOAN LE
1469997855004919678,COMPLETED,Validated,"Validated, 29/11/2024, Rosy Phan",,2024-11-28 11:09:02,2.30.0,2024-11-29 06:29:29,HAI LE
1470002575927650370,COMPLETED,Validated,"Validated, 29/11/2024, Rosy Phan",,2024-11-28 11:09:02,2.30.0,2024-11-29 08:13:37,YEN NGUYEN
1470002575944752540,COMPLETED,Validated,"Validated, 29/11/2024, Rosy Phan",,2024-11-28 11:09:02,2.30.0,2024-11-29 06:21:44,TUYEN HUYNH
1470002575943434416,COMPLETED,Validated,"Validated, 29/11/2024, Rosy Phan",,2024-11-28 11:09:02,2.30.0,2024-11-29 06:28:44,TOAN LE
1469918505927956180,INCOMPLETE,Rejected,Requested by Aditya Mario through data team [DA-190],"CROP AREA UNIT,FARM-GATE UNIT,RESIDUE MANAGEMENT,RESIDUE UNIT",,,2024-05-15 09:14:15,TRINH TRIEU
1470157558591742851,COMPLETED,Validated,"Validated, 09/01/2025, Rosy Phan",,2024-12-05 10:14:59,2.30.0,2025-01-09 08:39:23,TIEN PHAM
1470002575939093610,COMPLETED,Validated,"Validated, 29/11/2024, Rosy Phan",,2024-11-28 11:09:02,2.30.0,2024-11-29 06:35:08,HUY NGUYEN
1470002575939362529,COMPLETED,Validated,"Validated, 29/11/2024, Rosy Phan",,2024-11-28 11:09:02,2.30.0,2024-11-29 06:21:12,QUYNH TRAN
1470002575935234678,COMPLETED,Validated,"Validated, 29/11/2024, Rosy Phan",,2024-11-28 11:09:02,2.30.0,2024-11-29 06:12:20,HUY NGUYEN
1470002575944725076,COMPLETED,Validated,"Validated, 29/11/2024, Rosy Phan",,2024-11-28 11:09:02,2.30.0,2024-11-29 06:47:19,MAI NGUYEN
1470157558592062939,COMPLETED,Validated,"Validated, 09/01/2025, Rosy Phan",,2025-01-09 06:04:09,2.31.0,2025-01-09 08:38:41,YEN NGUYEN
1470157558588976067,COMPLETED,Validated,"Validated, 09/01/2025, Rosy Phan",,2024-12-06 06:05:09,2.30.0,2025-01-09 08:39:11,YEN NGUYEN
1470157558589537014,COMPLETED,Validated,"Validated, 09/01/2025, Rosy Phan",,2024-12-05 10:14:59,2.30.0,2025-01-09 08:40:38,HAI LE
1470002575945013661,COMPLETED,Validated,"Validated, 29/11/2024, Rosy Phan",,2024-11-28 11:09:02,2.30.0,2024-11-29 06:15:57,QUYNH TRAN
1470002575936627587,COMPLETED,Validated,"Validated, 29/11/2024, Rosy Phan",,2024-11-28 11:09:02,2.30.0,2024-11-29 06:26:07,TUYEN HUYNH
1470002575938729596,COMPLETED,Validated,"Validated, 29/11/2024, Rosy Phan",,2024-11-28 11:09:02,2.30.0,2024-11-29 06:34:20,TUYEN HUYNH
1470157558594436608,COMPLETED,Validated,"Validated, 09/01/2025, Rosy Phan",,2025-01-09 06:04:09,2.31.0,2025-01-09 08:38:06,TIEN PHAM
1470002575936990157,COMPLETED,Validated,"Validated, 29/11/2024, Rosy Phan",,2024-11-28 11:09:02,2.30.0,2024-11-29 06:19:19,YEN NGUYEN
1470002575936992463,COMPLETED,Validated,"Validated, 29/11/2024, Rosy Phan",,2024-11-28 11:09:02,2.30.0,2024-11-29 06:13:13,YEN NGUYEN
1470002575936990789,COMPLETED,Validated,"Validated, 29/11/2024, Rosy Phan",,2024-11-28 11:09:02,2.30.0,2024-11-29 06:11:34,YEN NGUYEN
1470002575943410447,COMPLETED,Validated,"Validated, 29/11/2024, Rosy Phan",,2024-11-28 11:09:02,2.30.0,2024-11-29 06:27:20,YEN NGUYEN
1470002575940973897,COMPLETED,Validated,"Validated, 29/11/2024, Rosy Phan",,2024-11-28 11:09:02,2.30.0,2024-11-29 06:13:54,MAI NGUYEN
1470002575937978217,COMPLETED,Validated,"Validated, 29/11/2024, Rosy Phan",,2024-11-28 11:09:02,2.30.0,2024-11-29 06:21:16,HAI LE
1470002575941386552,COMPLETED,Validated,"Validated, 29/11/2024, Rosy Phan",,2024-11-28 11:09:02,2.30.0,2024-11-29 06:34:49,HAI LE
1469986569859940758,INCOMPLETE,Rejected,Requested by Aditya Mario through data team [DA-190],TEMPERATURE UNIT,,,2024-06-20 14:20:54,MINH ANH LE
1470002575944732514,COMPLETED,Validated,"Validated, 29/11/2024, Rosy Phan",,2024-11-28 11:09:02,2.30.0,2024-11-29 06:16:41,QUYNH TRAN
1470002575934466219,COMPLETED,Validated,"Validated, 29/11/2024, Rosy Phan",,2024-11-28 11:09:02,2.30.0,2024-11-29 06:34:44,HAI LE
1470002575942815116,COMPLETED,Validated,"Validated, 29/11/2024, Rosy Phan",,2024-11-28 11:09:02,2.30.0,2024-11-29 06:27:08,HAI LE
1470002575937914371,COMPLETED,Validated,"Validated, 29/11/2024, Rosy Phan",,2024-11-28 11:09:02,2.30.0,2024-11-29 06:28:23,MAI NGUYEN
1470002575933336763,COMPLETED,Validated,"Validated, 29/11/2024, Rosy Phan",,2024-11-28 11:09:02,2.30.0,2024-11-29 06:32:16,HUY NGUYEN
1470157558593443444,COMPLETED,Validated,"Validated, 09/01/2025, Rosy Phan",,2025-01-08 15:08:09,2.31.0,2025-01-09 08:37:49,HAI LE
1470002575943137508,COMPLETED,Validated,"Validated, 29/11/2024, Rosy Phan",,2024-11-28 11:09:02,2.30.0,2024-11-29 06:10:43,QUYNH TRAN
1469997855004066665,COMPLETED,Validated,"Validated, 29/11/2024, Rosy Phan",,2024-11-28 11:09:02,2.30.0,2024-11-29 06:21:32,MAI NGUYEN
1470002575930951132,COMPLETED,Validated,"Validated, 29/11/2024, Rosy Phan",,2024-11-28 11:09:02,2.30.0,2024-11-29 06:13:50,YEN NGUYEN
1469997855004061078,COMPLETED,Validated,"Validated, 29/11/2024, Rosy Phan",,2024-11-28 11:09:02,2.30.0,2024-11-29 06:11:38,GIANG LUONG
1470002575928775136,COMPLETED,Validated,"Validated, 29/11/2024, Rosy Phan",,2024-11-28 11:09:02,2.30.0,2024-11-29 06:16:13,HUY NGUYEN
1469997855005221826,COMPLETED,Validated,"Validated, 29/11/2024, Rosy Phan",,2024-11-28 11:09:02,2.30.0,2024-11-29 06:21:53,TUYEN HUYNH
1470002575941060465,COMPLETED,Validated,"Validated, 29/11/2024, Rosy Phan",,2024-11-28 11:09:02,2.30.0,2024-11-29 06:32:32,TOAN LE
1470002575941523615,COMPLETED,Validated,"Validated, 29/11/2024, Rosy Phan",,2024-11-28 11:09:02,2.30.0,2024-11-29 06:16:01,TOAN LE
1470002575926421199,COMPLETED,Validated,"Validated, 29/11/2024, Rosy Phan",,2024-11-28 11:09:02,2.30.0,2024-11-29 06:16:46,THOA NGUYEN
1469997855005922347,COMPLETED,Validated,"Validated, 29/11/2024, Rosy Phan",,2024-11-28 11:09:02,2.30.0,2024-11-29 06:14:30,TUYEN HUYNH
1470002575928804122,COMPLETED,Validated,"Validated, 29/11/2024, Rosy Phan",,2024-11-28 11:09:02,2.30.0,2024-11-29 06:19:40,HUY NGUYEN
1469997855005054783,COMPLETED,Validated,"Validated, 29/11/2024, Rosy Phan",,2024-11-28 11:09:02,2.30.0,2024-11-29 06:13:01,HUY NGUYEN
1469997855005492944,COMPLETED,Validated,"Validated, 29/11/2024, Rosy Phan",,2024-11-28 11:09:02,2.30.0,2024-11-29 06:33:09,HAI LE
1470002575952537336,COMPLETED,Validated,"Validated, 29/11/2024, Rosy Phan",,2024-11-28 11:09:02,2.30.0,2024-11-29 06:26:02,TOAN LE
1470002575943062467,COMPLETED,Validated,"Validated, 29/11/2024, Rosy Phan",,2024-11-28 11:09:02,2.30.0,2024-11-29 06:25:57,TOAN LE
1470002575942985204,COMPLETED,Validated,"Validated, 29/11/2024, Rosy Phan",,2024-11-28 11:09:02,2.30.0,2024-11-29 06:32:11,TOAN LE
1470157558589159223,COMPLETED,Validated,"Validated, 09/01/2025, Rosy Phan",,2024-12-06 06:05:09,2.30.0,2025-01-09 08:38:10,QUYNH TRAN
1470002575938939665,COMPLETED,Validated,"Validated, 29/11/2024, Rosy Phan",,2024-11-28 11:09:02,2.30.0,2024-11-29 06:20:18,HAI LE
1470002575936638083,COMPLETED,Validated,"Validated, 29/11/2024, Rosy Phan",,2024-11-28 11:09:02,2.30.0,2024-11-29 06:13:17,HAI LE
1470002575935255311,COMPLETED,Validated,"Validated, 29/11/2024, Rosy Phan",,2024-11-28 11:09:02,2.30.0,2024-11-29 06:12:36,HUY NGUYEN
1470002575927720475,COMPLETED,Validated,"Validated, 29/11/2024, Rosy Phan",,2024-11-28 11:09:02,2.30.0,2024-11-29 06:29:42,HUY NGUYEN
1470002575927376372,COMPLETED,Validated,"Validated, 29/11/2024, Rosy Phan",,2024-11-28 11:09:02,2.30.0,2024-11-29 06:29:51,HAI LE
1470157558590836037,COMPLETED,Validated,"Validated, 09/01/2025, Rosy Phan",,2024-12-05 10:14:59,2.30.0,2025-01-09 08:38:15,HAI LE
1470002575931982220,COMPLETED,Validated,"Validated, 29/11/2024, Rosy Phan",,2024-11-28 11:09:02,2.30.0,2024-11-29 06:20:09,QUYNH TRAN
1470002575933821910,COMPLETED,Validated,"Validated, 29/11/2024, Rosy Phan",,2024-11-28 11:09:02,2.30.0,2024-11-29 06:27:46,QUYNH TRAN
1470002575939852844,COMPLETED,Validated,"Validated, 29/11/2024, Rosy Phan",,2024-11-28 11:09:02,2.30.0,2024-11-29 06:19:52,YEN NGUYEN
1470002575933248486,COMPLETED,Validated,"Validated, 29/11/2024, Rosy Phan",,2024-11-28 11:09:02,2.30.0,2024-11-29 06:16:54,HUY NGUYEN
1470002575933211067,COMPLETED,Validated,"Validated, 29/11/2024, Rosy Phan",,2024-11-28 11:09:02,2.30.0,2024-11-29 06:25:27,HUY NGUYEN
1470002575936699999,INCOMPLETE,Rejected,Requested by Aditya Mario through data team [DA-190],"CLIMATE,CROP AREA,CROP AREA UNIT,CROP NAME,ENSURE FARMGATE AMOUNT >= 0.001,FARM-GATE UNIT,HARVEST YEAR,RESIDUE MANAGEMENT,RESIDUE UNIT,RESIDUE VALUE,SOIL CHARACTERISTIC,SOIL DRAINAGE,SOIL ORGANIC MATTER,SOIL PH,SOIL TEXTURE,TEMPERATURE UNIT,TEMPERATURE VALUE",,,2024-07-16 16:55:36,MAI NGUYEN
1470157558590384428,COMPLETED,Validated,"Validated, 09/01/2025, Rosy Phan",,2024-12-06 06:05:09,2.30.0,2025-01-09 08:39:36,HUY NGUYEN
1470157558585669920,INCOMPLETE,,,"CLIMATE,CROP AREA,CROP AREA UNIT,ENSURE FARMGATE AMOUNT >= 0.001,FARM-GATE UNIT,HARVEST YEAR,RESIDUE MANAGEMENT,RESIDUE UNIT,SOIL CHARACTERISTIC,SOIL DRAINAGE,SOIL ORGANIC MATTER,SOIL PH,SOIL TEXTURE,TEMPERATURE UNIT,TEMPERATURE VALUE",,,2024-11-20 02:23:51,PHUONG NGUYEN
1470157558593442851,COMPLETED,Validated,"Validated, 09/01/2025, Rosy Phan",,2025-01-09 06:04:09,2.31.0,2025-01-09 08:38:02,HAI LE
1470157558589147658,COMPLETED,Validated,"Validated, 09/01/2025, Rosy Phan",,2024-12-06 15:05:56,2.30.0,2025-01-09 08:38:28,YEN NGUYEN
1470002575938938749,COMPLETED,Validated,"Validated, 29/11/2024, Rosy Phan",,2024-11-28 11:09:02,2.30.0,2024-11-29 06:32:36,TUYEN HUYNH
1470002575946452666,COMPLETED,Validated,"Validated, 29/11/2024, Rosy Phan",,2024-11-28 11:09:02,2.30.0,2024-11-29 06:26:51,HAI LE
1470002575934457006,COMPLETED,Validated,"Validated, 29/11/2024, Rosy Phan",,2024-11-28 11:09:02,2.30.0,2024-11-29 06:25:35,HAI LE
1470002575944280822,COMPLETED,Validated,"Validated, 29/11/2024, Rosy Phan",,2024-11-28 11:09:02,2.30.0,2024-11-29 06:32:44,HAI LE
1470002575940906558,COMPLETED,Validated,"Validated, 29/11/2024, Rosy Phan",,2024-11-28 11:09:02,2.30.0,2024-11-29 06:34:39,TUYEN HUYNH
1470002575941257068,COMPLETED,Validated,"Validated, 29/11/2024, Rosy Phan",,2024-11-28 11:09:02,2.30.0,2024-11-29 06:48:11,YEN NGUYEN
1470002575935406848,COMPLETED,Validated,"Validated, 29/11/2024, Rosy Phan",,2024-11-28 11:09:02,2.30.0,2024-11-29 06:33:44,YEN NGUYEN
1470002575944658198,COMPLETED,Validated,"Validated, 29/11/2024, Rosy Phan",,2024-11-28 11:09:02,2.30.0,2024-11-29 06:33:48,TUYEN HUYNH
1470002575940186633,COMPLETED,Validated,"Validated, 29/11/2024, Rosy Phan",,2024-11-28 11:09:02,2.30.0,2024-11-29 06:48:28,TUYEN HUYNH
1470002575941402671,COMPLETED,Validated,"Validated, 29/11/2024, Rosy Phan",,2024-11-28 11:09:02,2.30.0,2024-11-29 06:17:51,HAI LE
1470002575943110215,COMPLETED,Validated,"Validated, 29/11/2024, Rosy Phan",,2024-11-28 11:09:02,2.30.0,2024-11-29 06:26:35,YEN NGUYEN
1470002575941752275,COMPLETED,Validated,"Validated, 29/11/2024, Rosy Phan",,2024-11-28 11:09:02,2.30.0,2024-11-29 06:17:26,HAI LE
1470002575938116158,COMPLETED,Validated,"Validated, 29/11/2024, Rosy Phan",,2024-11-28 11:09:02,2.30.0,2024-11-29 06:21:08,HAI LE
1470002575939512922,COMPLETED,Validated,"Validated, 29/11/2024, Rosy Phan",,2024-11-28 11:09:02,2.30.0,2024-11-29 06:17:34,YEN NGUYEN
1470002575941591338,COMPLETED,Validated,"Validated, 29/11/2024, Rosy Phan",,2024-11-28 11:09:02,2.30.0,2024-11-29 06:15:20,YEN NGUYEN
1469918505927954357,INCOMPLETE,Rejected,Requested by Aditya Mario through data team [DA-190],TEMPERATURE UNIT,,,2024-05-15 09:32:48,MAI NGUYEN
1470157558574525447,INCOMPLETE,Rejected,Requested by Aditya Mario through data team [DA-190],"CLIMATE,CROP AREA,CROP AREA UNIT,CROP NAME,ENSURE FARMGATE AMOUNT >= 0.001,FARM-GATE UNIT,HARVEST YEAR,RESIDUE MANAGEMENT,RESIDUE UNIT,RESIDUE VALUE,SOIL CHARACTERISTIC,SOIL DRAINAGE,SOIL ORGANIC MATTER,SOIL PH,SOIL TEXTURE,TEMPERATURE UNIT,TEMPERATURE VALUE",,,2024-11-05 10:31:05,PHUONG NGUYEN
1470002575943102195,COMPLETED,Validated,"Validated, 29/11/2024, Rosy Phan",,2024-11-28 11:09:02,2.30.0,2024-11-29 06:13:21,QUYNH TRAN
1469997855005748394,COMPLETED,Validated,"Validated, 29/11/2024, Rosy Phan",,2024-11-28 11:09:02,2.30.0,2024-11-29 06:18:07,YEN NGUYEN
1469997855006404975,COMPLETED,Validated,"Validated, 29/11/2024, Rosy Phan",,2024-11-28 11:09:02,2.30.0,2024-11-29 06:13:58,HUY NGUYEN
1469997855002417326,COMPLETED,Validated,"Validated, 29/11/2024, Rosy Phan",,2024-11-28 11:09:02,2.30.0,2024-11-29 06:11:47,THOA NGUYEN
1469918505929686959,INCOMPLETE,Rejected,Requested by Aditya Mario through data team [DA-190],FARM-GATE UNIT,,,2024-05-17 10:18:41,TIEN PHAM
1470002575927895677,COMPLETED,Validated,"Validated, 29/11/2024, Rosy Phan",,2024-11-28 11:09:02,2.30.0,2024-11-29 06:14:18,HAI LE
1470002575929976890,COMPLETED,Validated,"Validated, 29/11/2024, Rosy Phan",,2024-11-28 11:09:02,2.30.0,2024-11-29 06:14:26,HAI LE
1469997855006394125,COMPLETED,Validated,"Validated, 29/11/2024, Rosy Phan",,2024-11-28 11:09:02,2.30.0,2024-11-29 06:12:57,HUY NGUYEN
1470002575940309769,COMPLETED,Validated,"Validated, 29/11/2024, Rosy Phan",,2024-11-28 11:09:02,2.30.0,2024-11-29 06:19:32,MAI NGUYEN
1470002575941572104,COMPLETED,Validated,"Validated, 29/11/2024, Rosy Phan",,2024-11-28 11:09:02,2.30.0,2024-11-29 06:34:01,TOAN LE
1469918505927976424,COMPLETED,Rejected,Requested by Aditya Mario through data team [DA-190],,2024-10-23 10:39:40,2.11.0,2024-10-23 09:06:08,YEN NGUYEN
1470002575934570245,COMPLETED,Validated,"Validated, 29/11/2024, Rosy Phan",,2024-11-28 11:09:02,2.30.0,2024-11-29 06:18:11,HUY NGUYEN
1470157558590494760,COMPLETED,Validated,"Validated, 09/01/2025, Rosy Phan",,2024-12-05 10:14:59,2.30.0,2025-01-09 08:38:53,HAI LE
1470157558592200560,COMPLETED,Validated,"Validated, 09/01/2025, Rosy Phan",,2025-01-09 06:04:09,2.31.0,2025-01-09 08:39:19,YEN NGUYEN
1470157558588618240,INCOMPLETE,,,"CLIMATE,CROP AREA,CROP AREA UNIT,ENSURE FARMGATE AMOUNT >= 0.001,FARM-GATE UNIT,HARVEST YEAR,RESIDUE MANAGEMENT,RESIDUE UNIT,SOIL CHARACTERISTIC,SOIL DRAINAGE,SOIL ORGANIC MATTER,SOIL PH,TEMPERATURE UNIT,TEMPERATURE VALUE",,,2024-11-17 07:24:45,YEN NGUYEN
1470002575944666743,COMPLETED,Validated,"Validated, 29/11/2024, Rosy Phan",,2024-11-28 11:09:02,2.30.0,2024-11-29 06:27:04,QUYNH TRAN
1469986569867522635,COMPLETED,Validated,"Validated, 29/11/2024, Rosy Phan",,2024-11-28 11:09:02,2.30.0,2024-11-29 06:27:50,THOA NGUYEN
1470002575935804771,COMPLETED,Validated,"Validated, 29/11/2024, Rosy Phan",,2024-11-28 11:09:02,2.30.0,2024-11-29 06:20:51,HAI LE
1470002575942387190,COMPLETED,Validated,"Validated, 29/11/2024, Rosy Phan",,2024-11-28 11:09:02,2.30.0,2024-11-29 06:12:16,YEN NGUYEN
1470002575940052704,COMPLETED,Validated,"Validated, 29/11/2024, Rosy Phan",,2024-11-28 11:09:02,2.30.0,2024-11-29 06:13:29,MAI NGUYEN
1469997855002754546,COMPLETED,Validated,"Validated, 29/11/2024, Rosy Phan",,2024-11-28 11:09:02,2.30.0,2024-11-29 06:25:23,MAI NGUYEN
1470157558591962442,COMPLETED,Validated,"Validated, 09/01/2025, Rosy Phan",,2025-01-09 06:04:09,2.31.0,2025-01-09 08:39:45,YEN NGUYEN
1470157558590504890,COMPLETED,Validated,"Validated, 09/01/2025, Rosy Phan",,2024-12-05 19:11:47,2.30.0,2025-01-09 08:37:45,TIEN PHAM
1470157558589155539,COMPLETED,Validated,"Validated, 09/01/2025, Rosy Phan",,2024-12-06 06:05:09,2.30.0,2025-01-09 08:39:02,HUY NGUYEN
1470002575945049000,COMPLETED,Validated,"Validated, 29/11/2024, Rosy Phan",,2024-11-28 11:09:02,2.30.0,2024-11-29 06:35:12,HAI LE
1470002575937585307,COMPLETED,Validated,"Validated, 29/11/2024, Rosy Phan",,2024-11-28 11:09:02,2.30.0,2024-11-29 06:35:03,QUYNH TRAN
1470002575945756452,COMPLETED,Validated,"Validated, 29/11/2024, Rosy Phan",,2024-11-28 11:09:02,2.30.0,2024-11-29 06:12:12,HAI LE
1470002575939011100,COMPLETED,Validated,"Validated, 29/11/2024, Rosy Phan",,2024-11-28 11:09:02,2.30.0,2024-11-29 06:34:55,TUYEN HUYNH
1470002575937867373,COMPLETED,Validated,"Validated, 29/11/2024, Rosy Phan",,2024-11-28 11:09:02,2.30.0,2024-11-29 06:33:53,TUYEN HUYNH
1470002575934155635,COMPLETED,Validated,"Validated, 29/11/2024, Rosy Phan",,2024-11-28 11:09:02,2.30.0,2024-11-29 06:31:42,HUY NGUYEN
1470002575941835571,COMPLETED,Validated,"Validated, 29/11/2024, Rosy Phan",,2024-11-28 11:09:02,2.30.0,2024-11-29 06:27:33,YEN NGUYEN
1470002575940049997,COMPLETED,Validated,"Validated, 29/11/2024, Rosy Phan",,2024-11-28 11:09:02,2.30.0,2024-11-29 06:12:07,TUYEN HUYNH
1470002575939920686,COMPLETED,Validated,"Validated, 29/11/2024, Rosy Phan",,2024-11-28 11:09:02,2.30.0,2024-11-29 06:20:39,HAI LE
1470002575949571952,COMPLETED,Validated,"Validated, 29/11/2024, Rosy Phan",,2024-11-28 11:09:02,2.30.0,2024-11-29 06:17:30,YEN NGUYEN
1470002575943414964,COMPLETED,Validated,"Validated, 29/11/2024, Rosy Phan",,2024-11-28 11:09:02,2.30.0,2024-11-29 06:33:14,TUYEN HUYNH
1470157558591961240,COMPLETED,Validated,"Validated, 09/01/2025, Rosy Phan",,2024-12-04 19:07:04,2.30.0,2025-01-09 08:38:32,QUYNH TRAN
1470157558593320298,COMPLETED,Validated,"Validated, 09/01/2025, Rosy Phan",,2025-01-06 10:02:55,2.31.0,2025-01-09 08:39:41,HAI LE
1470157558590440860,COMPLETED,Validated,"Validated, 09/01/2025, Rosy Phan",,2024-12-05 19:11:47,2.30.0,2025-01-09 08:40:11,YEN NGUYEN
1470157558591953965,COMPLETED,Validated,"Validated, 09/01/2025, Rosy Phan",,2025-01-09 06:04:09,2.31.0,2025-01-09 08:38:19,HUY NGUYEN
1470157558593959053,COMPLETED,Validated,"Validated, 09/01/2025, Rosy Phan",,2025-01-09 06:04:09,2.31.0,2025-01-09 08:39:15,TIEN PHAM
1470002575928360502,COMPLETED,Validated,"Validated, 29/11/2024, Rosy Phan",,2024-11-28 11:09:02,2.30.0,2024-11-29 06:48:45,MAI NGUYEN
1470002575926992309,COMPLETED,Validated,"Validated, 29/11/2024, Rosy Phan",,2024-11-28 11:09:02,2.30.0,2024-11-29 06:26:43,HUY NGUYEN
1470002575930982098,COMPLETED,Validated,"Validated, 29/11/2024, Rosy Phan",,2024-11-28 11:09:02,2.30.0,2024-11-29 06:12:44,YEN NGUYEN
1470002575931356202,COMPLETED,Validated,"Validated, 02/12/2024, Rosy Phan",,2024-11-28 11:09:02,2.30.0,2024-12-02 13:07:32,YEN NGUYEN
1469997855004081743,COMPLETED,Validated,"Validated, 29/11/2024, Rosy Phan",,2024-11-28 11:09:02,2.30.0,2024-11-29 06:29:13,PHUONG NGUYEN
1469997855005118031,COMPLETED,Rejected,DELETE,,2024-11-13 08:27:15,2.29.0,2024-11-28 03:21:24,THOA NGUYEN
1470002575948018056,COMPLETED,Validated,"Validated, 29/11/2024, Rosy Phan",,2024-11-28 11:09:02,2.30.0,2024-11-29 06:28:32,TOAN LE
1470002575938175449,COMPLETED,Validated,"Validated, 29/11/2024, Rosy Phan",,2024-11-28 11:09:02,2.30.0,2024-11-29 06:34:16,HUY NGUYEN
1470002575942078341,COMPLETED,Validated,"Validated, 29/11/2024, Rosy Phan",,2024-11-28 11:09:02,2.30.0,2024-11-29 06:27:12,TOAN LE
1470002575940929507,COMPLETED,Validated,"Validated, 29/11/2024, Rosy Phan",,2024-11-28 11:09:02,2.30.0,2024-11-29 06:31:37,MAI NGUYEN
1470002575937529259,COMPLETED,Validated,"Validated, 29/11/2024, Rosy Phan",,2024-11-28 11:09:02,2.30.0,2024-11-29 06:17:22,QUYNH TRAN
1470002575934593589,COMPLETED,Validated,"Validated, 29/11/2024, Rosy Phan",,2024-11-28 11:09:02,2.30.0,2024-11-29 06:21:03,QUYNH TRAN
1470002575935135472,COMPLETED,Validated,"Validated, 29/11/2024, Rosy Phan",,2024-11-28 11:09:02,2.30.0,2024-11-29 06:11:55,HUY NGUYEN
1470002575941831498,COMPLETED,Validated,"Validated, 29/11/2024, Rosy Phan",,2024-11-28 11:09:02,2.30.0,2024-11-29 06:16:04,QUYNH TRAN
1470002575943017125,COMPLETED,Validated,"Validated, 29/11/2024, Rosy Phan",,2024-11-28 11:09:02,2.30.0,2024-11-29 06:15:16,QUYNH TRAN
1470002575940107161,COMPLETED,Validated,"Validated, 29/11/2024, Rosy Phan",,2024-11-28 11:09:02,2.30.0,2024-11-29 06:33:40,MAI NGUYEN
1469997855003984630,COMPLETED,Validated,"Validated, 29/11/2024, Rosy Phan",,2024-11-28 11:09:02,2.30.0,2024-11-29 06:25:18,THOA NGUYEN
1470002575934524522,COMPLETED,Validated,"Validated, 29/11/2024, Rosy Phan",,2024-11-28 11:09:02,2.30.0,2024-11-29 06:20:59,QUYNH TRAN
1470002575936500329,COMPLETED,Validated,"Validated, 29/11/2024, Rosy Phan",,2024-11-28 11:09:02,2.30.0,2024-11-29 06:31:46,QUYNH TRAN
1470002575944395951,INCOMPLETE,Rejected,Requested by Aditya Mario through data team [DA-190],"CLIMATE,CROP AREA,CROP AREA UNIT,CROP NAME,ENSURE FARMGATE AMOUNT >= 0.001,FARM-GATE UNIT,HARVEST YEAR,RESIDUE MANAGEMENT,RESIDUE UNIT,RESIDUE VALUE,SOIL CHARACTERISTIC,SOIL DRAINAGE,SOIL ORGANIC MATTER,SOIL PH,SOIL TEXTURE,TEMPERATURE UNIT,TEMPERATURE VALUE",,,2024-07-17 01:14:24,MAI NGUYEN
1470157558593271884,COMPLETED,Validated,"Validated, 09/01/2025, Rosy Phan",,2025-01-09 06:04:09,2.31.0,2025-01-09 08:40:25,HAI LE
1470002575939908889,COMPLETED,Validated,"Validated, 29/11/2024, Rosy Phan",,2024-11-28 11:09:02,2.30.0,2024-11-29 06:20:34,YEN NGUYEN
1470002575948290430,COMPLETED,Validated,"Validated, 29/11/2024, Rosy Phan",,2024-11-28 11:09:02,2.30.0,2024-11-29 06:32:57,YEN NGUYEN
1470002575945117616,COMPLETED,Validated,"Validated, 29/11/2024, Rosy Phan",,2024-11-28 11:09:02,2.30.0,2024-11-29 06:13:09,HAI LE
1470002575938816456,COMPLETED,Validated,"Validated, 29/11/2024, Rosy Phan",,2024-11-28 11:09:02,2.30.0,2024-11-29 06:32:52,TUYEN HUYNH
1470002575939314769,COMPLETED,Validated,"Validated, 29/11/2024, Rosy Phan",,2024-11-28 11:09:02,2.30.0,2024-11-29 06:15:36,YEN NGUYEN
1470002575937761308,COMPLETED,Validated,"Validated, 29/11/2024, Rosy Phan",,2024-11-28 11:09:02,2.30.0,2024-11-29 06:11:15,QUYNH TRAN
1470002575942771805,COMPLETED,Validated,"Validated, 29/11/2024, Rosy Phan",,2024-11-28 11:09:02,2.30.0,2024-11-29 06:31:26,HAI LE
1470002575937850004,COMPLETED,Validated,"Validated, 29/11/2024, Rosy Phan",,2024-11-28 11:09:02,2.30.0,2024-11-29 06:28:40,MAI NGUYEN
1470002575940160523,COMPLETED,Validated,"Validated, 29/11/2024, Rosy Phan",,2024-11-28 11:09:02,2.30.0,2024-11-29 06:33:19,MAI NGUYEN
1470002575936991494,COMPLETED,Validated,"Validated, 29/11/2024, Rosy Phan",,2024-11-28 11:09:02,2.30.0,2024-11-29 06:20:43,HAI LE
1470002575941493124,COMPLETED,Validated,"Validated, 29/11/2024, Rosy Phan",,2024-11-28 11:09:02,2.30.0,2024-11-29 06:17:10,QUYNH TRAN
1470002575937622099,COMPLETED,Validated,"Validated, 29/11/2024, Rosy Phan",,2024-11-28 11:09:02,2.30.0,2024-11-29 06:15:48,YEN NGUYEN
1470002575945966112,COMPLETED,Validated,"Validated, 29/11/2024, Rosy Phan",,2024-11-28 11:09:02,2.30.0,2024-11-29 06:34:06,HAI LE
1470002575941540772,COMPLETED,Validated,"Validated, 29/11/2024, Rosy Phan",,2024-11-28 11:09:02,2.30.0,2024-11-29 06:17:06,HAI LE
1470157558590832615,COMPLETED,Validated,"Validated, 09/01/2025, Rosy Phan",,2025-01-06 06:05:33,2.31.0,2025-01-09 08:39:06,QUYNH TRAN
1470002575926582485,COMPLETED,Validated,"Validated, 29/11/2024, Rosy Phan",,2024-11-28 11:09:02,2.30.0,2024-11-29 06:19:44,HAI LE
1469997855002494547,COMPLETED,Validated,"Validated, 04/12/2024",,2024-11-28 11:09:02,2.30.0,2024-12-04 04:35:45,GIANG LUONG
1469997855002730038,COMPLETED,Validated,"Validated, 29/11/2024, Rosy Phan",,2024-11-28 11:09:02,2.30.0,2024-11-29 06:33:36,HUY NGUYEN
1470002575928817937,COMPLETED,Validated,"Validated, 29/11/2024, Rosy Phan",,2024-11-28 11:09:02,2.30.0,2024-11-29 06:31:54,HUY NGUYEN
1470002575927769090,COMPLETED,Validated,"Validated, 29/11/2024, Rosy Phan",,2024-11-28 11:09:02,2.30.0,2024-11-29 06:29:21,YEN NGUYEN
1470002575928545635,COMPLETED,Validated,"Validated, 29/11/2024, Rosy Phan",,2024-11-28 11:09:02,2.30.0,2024-11-29 06:29:47,TIEN PHAM
1469918505927888865,INCOMPLETE,Rejected,Requested by Aditya Mario through data team [DA-190],"ENSURE FARMGATE AMOUNT >= 0.001,FARM-GATE UNIT,RESIDUE MANAGEMENT,RESIDUE UNIT,SOIL DRAINAGE,SOIL ORGANIC MATTER,SOIL PH,SOIL TEXTURE",,,2024-05-15 07:29:24,PHUONG NGUYEN
1470002575927484925,COMPLETED,Validated,"Validated, 29/11/2024, Rosy Phan",,2024-11-28 11:09:02,2.30.0,2024-11-29 06:26:47,HUY NGUYEN
1470002575927113589,COMPLETED,Validated,"Validated, 29/11/2024, Rosy Phan",,2024-11-28 11:09:02,2.30.0,2024-11-29 06:13:41,HAI LE
1470002575948029189,COMPLETED,Validated,"Validated, 29/11/2024, Rosy Phan",,2024-11-28 11:09:02,2.30.0,2024-11-29 06:19:03,TOAN LE
1469997855006410495,COMPLETED,Validated,"Validated, 29/11/2024, Rosy Phan",,2024-11-28 11:09:02,2.30.0,2024-11-29 06:21:24,HUY NGUYEN
1469918505928581682,INCOMPLETE,Rejected,Requested by Aditya Mario through data team [DA-190],"CROP AREA UNIT,ENSURE FARMGATE AMOUNT >= 0.001,FARM-GATE UNIT,RESIDUE UNIT,TEMPERATURE UNIT",,,2024-05-16 03:24:14,QUYNH TRAN
1469997855004186696,COMPLETED,Validated,"Validated, 29/11/2024, Rosy Phan",,2024-11-28 11:09:02,2.30.0,2024-11-29 06:33:01,THOA NGUYEN
1470002575938767788,COMPLETED,Validated,"Validated, 29/11/2024, Rosy Phan",,2024-11-28 11:09:02,2.30.0,2024-11-29 06:18:50,MAI NGUYEN
1470002575943825632,COMPLETED,Validated,"Validated, 29/11/2024, Rosy Phan",,2024-11-28 11:09:02,2.30.0,2024-11-29 06:27:29,TOAN LE
1470002575948046309,COMPLETED,Validated,"Validated, 29/11/2024, Rosy Phan",,2024-11-28 11:09:02,2.30.0,2024-11-29 06:13:33,TOAN LE
1470002575943304078,COMPLETED,Validated,"Validated, 29/11/2024, Rosy Phan",,2024-11-28 11:09:02,2.30.0,2024-11-29 06:11:43,TOAN LE
1470002575938937288,COMPLETED,Validated,"Validated, 29/11/2024, Rosy Phan",,2024-11-28 11:09:02,2.30.0,2024-11-29 06:15:52,MAI NGUYEN
1470002575927805171,COMPLETED,Validated,"Validated, 29/11/2024, Rosy Phan",,2024-11-28 11:09:02,2.30.0,2024-11-29 06:14:10,YEN NGUYEN
1470157558588969665,COMPLETED,Validated,"Validated, 09/01/2025, Rosy Phan",,2024-12-06 06:05:09,2.30.0,2025-01-09 08:38:49,QUYNH TRAN
1470002575927937991,COMPLETED,Validated,"Validated, 29/11/2024, Rosy Phan",,2024-11-28 11:09:02,2.30.0,2024-11-29 06:14:02,YEN NGUYEN
1470002575931166660,COMPLETED,Validated,"Validated, 29/11/2024, Rosy Phan",,2024-11-28 11:09:02,2.30.0,2024-11-29 06:26:39,YEN NGUYEN
1470002575926389626,COMPLETED,Validated,"Validated, 29/11/2024, Rosy Phan",,2024-11-28 11:09:02,2.30.0,2024-11-29 06:31:50,THOA NGUYEN
1470002575936804447,COMPLETED,Validated,"Validated, 29/11/2024, Rosy Phan",,2024-11-28 11:09:02,2.30.0,2024-11-29 06:15:32,HAI LE
1470002575939451322,COMPLETED,Validated,"Validated, 29/11/2024, Rosy Phan",,2024-11-28 11:09:02,2.30.0,2024-11-29 06:26:11,YEN NGUYEN
1470002575934622896,COMPLETED,Validated,"Validated, 29/11/2024, Rosy Phan",,2024-11-28 11:09:02,2.30.0,2024-11-29 06:17:55,HUY NGUYEN
1470002575938106279,COMPLETED,Validated,"Validated, 29/11/2024, Rosy Phan",,2024-11-28 11:09:02,2.30.0,2024-11-29 06:34:25,HUY NGUYEN
1470002575945957023,COMPLETED,Validated,"Validated, 29/11/2024, Rosy Phan",,2024-11-28 11:09:02,2.30.0,2024-11-29 06:12:28,QUYNH TRAN
1470157558589153531,COMPLETED,Validated,"Validated, 09/01/2025, Rosy Phan",,2024-12-06 06:05:09,2.30.0,2025-01-09 08:40:33,HAI LE
1470157558588209434,INCOMPLETE,,Test assessment,,2024-12-02 15:17:29,2.30.0,2024-12-02 10:04:55,PHUONG NGUYEN
1470157558593108135,COMPLETED,Validated,"Validated, 09/01/2025, Rosy Phan",,2024-12-05 19:11:47,2.30.0,2025-01-09 08:39:28,YEN NGUYEN
1470002575937482198,COMPLETED,Validated,"Validated, 29/11/2024, Rosy Phan",,2024-11-28 11:09:02,2.30.0,2024-11-29 06:11:04,TUYEN HUYNH
1470157558591893090,COMPLETED,Validated,"Validated, 09/01/2025, Rosy Phan",,2024-12-05 15:23:30,2.30.0,2025-01-09 08:38:36,HUY NGUYEN
1470157558588954798,COMPLETED,Validated,"Validated, 09/01/2025, Rosy Phan",,2024-12-05 19:11:47,2.30.0,2025-01-09 08:40:16,HUY NGUYEN
1470002575948806552,COMPLETED,Validated,"Validated, 29/11/2024, Rosy Phan",,2024-11-28 11:09:02,2.30.0,2024-11-29 06:16:33,TUYEN HUYNH
1470002575933384287,COMPLETED,Validated,"Validated, 29/11/2024, Rosy Phan",,2024-11-28 11:09:02,2.30.0,2024-11-29 06:15:28,QUYNH TRAN
1470002575941937935,COMPLETED,Validated,"Validated, 29/11/2024, Rosy Phan",,2024-11-28 15:05:31,2.30.0,2024-11-29 06:34:29,YEN NGUYEN
1470002575936993418,COMPLETED,Validated,"Validated, 29/11/2024, Rosy Phan",,2024-11-28 11:09:02,2.30.0,2024-11-29 06:25:13,YEN NGUYEN
1470002575947400634,COMPLETED,Validated,"Validated, 29/11/2024, Rosy Phan",,2024-11-28 11:09:02,2.30.0,2024-11-29 06:22:13,YEN NGUYEN
1470002575938064861,COMPLETED,Validated,"Validated, 29/11/2024, Rosy Phan",,2024-11-28 11:09:02,2.30.0,2024-11-29 06:32:40,HUY NGUYEN
1470002575938247972,COMPLETED,Validated,"Validated, 29/11/2024, Rosy Phan",,2024-11-28 11:09:02,2.30.0,2024-11-29 06:28:11,HAI LE
1470002575941029677,COMPLETED,Validated,"Validated, 29/11/2024, Rosy Phan",,2024-11-28 11:09:02,2.30.0,2024-11-29 06:19:15,MAI NGUYEN
1469918505927954835,INCOMPLETE,Rejected,Requested by Aditya Mario through data team [DA-190],"CROP AREA UNIT,FARM-GATE UNIT,RESIDUE UNIT",,,2024-05-15 09:58:09,THO NONG
1469997855005416163,COMPLETED,Validated,"Validated, 29/11/2024, Rosy Phan",,2024-11-28 11:09:02,2.30.0,2024-11-29 06:12:32,HAI LE
1470157558593498348,COMPLETED,Validated,"Validated, 09/01/2025, Rosy Phan",,2025-01-09 06:04:09,2.31.0,2025-01-09 08:39:58,HAI LE
1470157558593920376,COMPLETED,Validated,"Validated, 09/01/2025, Rosy Phan",,2025-01-09 06:04:09,2.31.0,2025-01-09 08:38:23,TIEN PHAM
1470002575941189789,COMPLETED,Validated,"Validated, 29/11/2024, Rosy Phan",,2024-11-28 11:09:02,2.30.0,2024-11-29 06:13:46,TOAN LE
1470002575944605901,COMPLETED,Validated,"Validated, 29/11/2024, Rosy Phan",,2024-11-28 11:09:02,2.30.0,2024-11-29 06:18:03,TOAN LE
1470002575939232238,COMPLETED,Validated,"Validated, 29/11/2024, Rosy Phan",,2024-11-28 11:09:02,2.30.0,2024-11-29 06:17:59,MAI NGUYEN
1470002575928515034,COMPLETED,Validated,"Validated, 29/11/2024, Rosy Phan",,2024-11-28 11:09:02,2.30.0,2024-11-29 06:17:38,MAI NGUYEN
1470002575928403395,COMPLETED,Validated,"Validated, 29/11/2024, Rosy Phan",,2024-11-28 11:09:02,2.30.0,2024-11-29 06:33:57,HAI LE
1470002575936769350,COMPLETED,Validated,"Validated, 29/11/2024, Rosy Phan",,2024-11-28 11:09:02,2.30.0,2024-11-29 06:26:31,HAI LE
1470002575938975054,COMPLETED,Validated,"Validated, 29/11/2024, Rosy Phan",,2024-11-28 11:09:02,2.30.0,2024-11-29 06:24:58,TUYEN HUYNH
1470002575946658601,COMPLETED,Validated,"Validated, 29/11/2024, Rosy Phan",,2024-11-28 11:09:02,2.30.0,2024-11-29 06:12:03,HAI LE
1470157558588328203,INCOMPLETE,,,"CROP AREA UNIT,FARM-GATE UNIT,RESIDUE UNIT,TEMPERATURE UNIT",,,2024-11-16 13:22:39,PHUONG NGUYEN
1470157558590515407,COMPLETED,Validated,"Validated, 09/01/2025, Rosy Phan",,2025-01-06 10:02:55,2.31.0,2025-01-09 08:39:49,QUYNH TRAN
1470002575933357079,COMPLETED,Validated,"Validated, 29/11/2024, Rosy Phan",,2024-11-28 11:09:02,2.30.0,2024-11-29 06:18:19,HAI LE
1469997855002522129,COMPLETED,Validated,"Validated, 29/11/2024, Rosy Phan",,2024-11-28 11:09:02,2.30.0,2024-11-29 06:13:05,THOA NGUYEN
1470002575927811270,COMPLETED,Validated,"Validated, 29/11/2024, Rosy Phan",,2024-11-28 11:09:02,2.30.0,2024-11-29 06:29:38,HAI LE
1470002575936694514,COMPLETED,Validated,"Validated, 29/11/2024, Rosy Phan",,2024-11-28 11:09:02,2.30.0,2024-11-29 06:22:09,MAI NGUYEN
1470002575944817621,COMPLETED,Validated,"Validated, 29/11/2024, Rosy Phan",,2024-11-28 11:09:02,2.30.0,2024-11-29 06:35:16,MAI NGUYEN
1470002575940145406,COMPLETED,Validated,"Validated, 29/11/2024, Rosy Phan",,2024-11-28 11:09:02,2.30.0,2024-11-29 06:22:05,TUYEN HUYNH
1470157558591900835,COMPLETED,Validated,"Validated, 09/01/2025, Rosy Phan",,2024-12-05 19:11:47,2.30.0,2025-01-09 08:40:29,QUYNH TRAN
1470157558588213778,INCOMPLETE,,,"CLIMATE,CROP AREA,CROP AREA UNIT,ENSURE FARMGATE AMOUNT >= 0.001,FARM-GATE UNIT,HARVEST YEAR,RESIDUE MANAGEMENT,RESIDUE UNIT,SOIL CHARACTERISTIC,SOIL DRAINAGE,SOIL ORGANIC MATTER,SOIL PH,SOIL TEXTURE,TEMPERATURE UNIT,TEMPERATURE VALUE",,,2024-11-16 09:06:55,MINH ANH LE
1470157558590416000,COMPLETED,Validated,"Validated, 09/01/2025, Rosy Phan",,2024-12-06 06:05:09,2.30.0,2025-01-09 08:37:53,HUY NGUYEN
1470002575941038800,COMPLETED,Validated,"Validated, 29/11/2024, Rosy Phan",,2024-11-28 11:09:02,2.30.0,2024-11-29 06:28:07,TOAN LE
1470002575948644236,COMPLETED,Validated,"Validated, 29/11/2024, Rosy Phan",,2024-11-28 11:09:02,2.30.0,2024-11-29 06:21:40,YEN NGUYEN
1470002575944790854,COMPLETED,Validated,"Validated, 29/11/2024, Rosy Phan",,2024-11-28 11:09:02,2.30.0,2024-11-29 06:32:48,TOAN LE
1470002575940109773,COMPLETED,Validated,"Validated, 29/11/2024, Rosy Phan",,2024-11-28 11:09:02,2.30.0,2024-11-29 06:16:50,YEN NGUYEN
1470002575943383640,COMPLETED,Validated,"Validated, 29/11/2024, Rosy Phan",,2024-11-28 11:09:02,2.30.0,2024-11-29 06:21:36,YEN NGUYEN
1470002575933856735,COMPLETED,Validated,"Validated, 29/11/2024, Rosy Phan",,2024-11-28 11:09:02,2.30.0,2024-11-29 06:26:26,QUYNH TRAN
1470002575944300646,COMPLETED,Validated,"Validated, 29/11/2024, Rosy Phan",,2024-11-28 11:09:02,2.30.0,2024-11-29 06:11:26,YEN NGUYEN
1470002575941509143,COMPLETED,Validated,"Validated, 29/11/2024, Rosy Phan",,2024-11-28 11:09:02,2.30.0,2024-11-29 06:16:37,QUYNH TRAN
1469918505931501983,INCOMPLETE,Rejected,Requested by Aditya Mario through data team [DA-190],"CROP AREA,CROP AREA UNIT,CROP NAME,ENSURE FARMGATE AMOUNT >= 0.001,FARM-GATE UNIT,HARVEST YEAR,RESIDUE MANAGEMENT,RESIDUE UNIT,RESIDUE VALUE,SOIL DRAINAGE,SOIL ORGANIC MATTER,SOIL PH,SOIL TEXTURE,TEMPERATURE UNIT",,,2024-05-20 10:11:21,ROSSY
1470002575943373057,COMPLETED,Validated,"Validated, 29/11/2024, Rosy Phan",,2024-11-28 11:09:02,2.30.0,2024-11-29 06:22:01,TUYEN HUYNH
